{"state": 3, "start_yaw": 91.8241958618164, "home": [48.87892200741956, 2.367758470379232]}