{"state": 0, "start_yaw": 23.76121711730957, "home": [30.703680097744243, -96.32283024891595]}