{"state": 0, "start_yaw": 48.688697814941406, "home": [30.70367484497631, -96.32281237980827]}