{"state": 2, "home": [30.702956661630083, -96.32264765171215]}