{"state": 0, "home": [30.70296683311102, -96.32263897665892]}