{"state": 0, "start_yaw": -94.38786315917969, "home": [48.87892182901451, 2.367760260249421]}