{"state": 0, "start_yaw": 93.64323425292969, "home": [48.8789219886082, 2.3677580272152916]}