{"state": 4, "start_yaw": -151.06922912597656, "home": [30.703525899997846, -96.32298330000008]}