{"state": 0, "home": [30.702966832984274, -96.3226389726514]}